single,multi,speedup
405419,204648,1.9810552753997108
3687279,2109218,1.748173493683441
13719567,7960657,1.723421446244952
44268417,22197412,1.9943053271255227
