single,multi,speedup
709749,84201,8.429222930844052
4637056,486468,9.532088441583003
16125318,1453539,11.09383236363111
45416937,3452005,13.156683434699545
